id, 14:1 (g), 16:1 (g), 18:1 (g), 20:1 (g), 18:2 n-6 (g), 18:3 n-3 (g), 20:4 (g), 20:5 (g), 22:5 (g), 22:6 (g), 18:1t (g), 18:2t (g),
1, , , 0.36, Tr, 0.31, 0.01, , , Tr, , , ,
2, , Tr, 0.45, Tr, 0.38, 0.02, , , , , , ,
3, , , 0.04, , 0.06, , , , , , , ,
4, , , 0.06, , 0.08, Tr, , , , , , Tr,
5, , Tr, 0.12, Tr, 0.09, Tr, , , , , , ,
6, , , 0.09, Tr, 0.09, Tr, , , , , , ,
7, , Tr, 3.10, 0.05, 2.95, 0.06, , , , , , ,
8, , 0.02, 3.70, 0.02, 2.13, 0.10, , , , , 1.36, 0.22,
9, , 0.02, 6.55, 0.04, 1.68, 0.06, , , , , 3.84, 0.37,
10, , 0.04, 6.40, 0.02, 1.61, 0.06, , , , , 4.21, 0.32,
11, 0.02, 0.02, 8.07, 0.02, 1.84, 0.09, , , , , 6.63, 0.42,
12, , 0.03, 8.83, 0.03, 1.77, 0.08, , , , , 7.24, 0.56,
13, , 0.06, 4.52, 0.03, 2.79, 0.01, , , , , 1.57, 0.23,
14, , 0.01, 1.88, 0.01, 0.78, 0.03, , , , , 0.93, 0.15,
15, , 0.06, 3.80, 0.02, 1.00, 0.06, 0.04, , , , 1.99, ,
16, , 0.06, 6.15, 0.04, 2.83, 0.04, 0.02, , , , 2.49, 0.42,
17, , 0.05, 2.92, 0.03, 1.69, 0.06, 0.02, , , , 0.89, 0.19,
18, , 0.06, 3.79, 0.03, 1.34, 0.08, 0.04, , , , 1.82, 0.17,
19, , Tr, 0.24, Tr, 0.38, 0.01, , , , , , ,
20, , 0.02, 0.35, , 0.15, Tr, , , , , 0.02, ,
21, , Tr, 0.60, 0.01, 0.89, 0.03, , , , , , ,
22, , Tr, 0.33, Tr, 0.60, 0.02, , , , , , ,
23, , , 0.28, Tr, 0.45, 0.01, , , , , Tr, Tr,
24, , Tr, 0.34, 0.02, 0.93, 0.06, , , , , , 0.01,
25, , Tr, 0.32, , 0.31, Tr, , Tr, , , Tr, ,
26, , Tr, 0.29, , 0.33, Tr, , Tr, , , Tr, ,
27, , Tr, 0.31, Tr, 0.43, 0.01, , , , , , ,
28, , Tr, 0.45, Tr, 0.75, 0.02, , , , , , ,
29, Tr, 0.03, 0.44, , 0.17, Tr, , , , , 0.04, ,
30, , , 4.85, 0.03, 1.38, 0.03, , , , , 2.81, 0.63,
31, , Tr, 0.08, Tr, 0.17, 0.01, , , , , Tr, Tr,
32, , Tr, 0.26, 0.01, 0.73, , , , , , , Tr,
33, , Tr, 0.38, Tr, 0.63, 0.02, , , , , , ,
34, , 0.01, 0.37, 0.01, 0.74, 0.05, , , , , 0.02, 0.01,
35, , Tr, 0.13, , 0.43, 0.01, , Tr, Tr, , , Tr,
36, 0.03, 0.11, 1.20, , 0.59, 0.03, , , , , 0.13, 0.02,
37, , 0.02, 0.40, Tr, 0.10, , , , , , , ,
38, , 0.01, 0.39, Tr, 0.38, 0.01, , , , , , ,
41, , Tr, 0.38, Tr, 0.73, 0.03, , , , , , Tr,
43, , Tr, 0.89, Tr, 1.29, 0.03, , , Tr, , , ,
44, , Tr, 0.23, Tr, 0.53, 0.02, , , , , , ,
45, , Tr, 0.78, Tr, 0.88, 0.03, , , , , , ,
46, , , 0.05, , 0.13, 0.01, , , , , , ,
47, , , 0.65, 0.02, 1.32, 0.09, , , , , 0.07, 0.04,
48, , 0.01, 0.94, 0.02, 1.06, 0.59, , , , , 0.11, 0.01,
49, , 0.01, 0.62, 0.01, 1.41, 0.14, , , , , 0.01, ,
50, , 0.01, 0.56, 0.01, 0.69, 0.04, , , , , 0.11, 0.05,
51, , 0.01, 0.62, 0.01, 0.98, 0.03, , , , , 0.07, ,
52, , 0.02, 0.74, 0.01, 0.98, 0.08, , , , , 0.21, 0.07,
53, , Tr, 0.85, 0.01, 0.70, 0.04, , , , , 0.35, 0.02,
54, , 0.02, 0.62, 0.01, 0.68, 0.04, , , , , 0.06, ,
55, 0.01, 0.05, 2.82, 0.01, 1.06, 0.04, , , , , 0.52, 0.07,
56, , 0.08, 5.74, 0.04, 6.97, 0.59, 0.02, , , , 0.54, 0.15,
59, , 0.01, 1.66, 0.01, 0.91, 0.03, , , , , 0.47, 0.05,
60, , Tr, 9.75, 0.33, 19.61, 1.32, , 
61, , , 3.67, 0.03, 8.48, 0.69, , , , , , ,
63, , 0.01, 0.76, 0.01, 0.99, 0.05, , , , , 0.38, 0.07,
64, , Tr, 0.22, Tr, 0.15, 0.08, , , , , , ,
65, , , 0.08, , 0.04, 0.01, , , , , , ,
68, , , 0.19, , 0.40, 0.05, , , , , , ,
70, , , Tr, , 0.03, 0.03, , , , , , ,
72, , , 0.18, , 0.40, 0.06, , , , , , ,
81, , 0.01, 0.01, , 0.04, 0.16, , , , , , ,
85, , Tr, 1.11, 0.03, 2.30, 0.35, , , , , , 0.04,
90, , 0.04, 11.83, 0.05, 3.85, 0.09, , , , , 0.02, 0.09,
93, , 0.01, 3.31, 0.06, 6.29, 0.30, , , , , , 0.07,
94, , , 0.20, , 0.33, 0.03, , , , , , ,
99, , , 4.25, 0.01, 0.56, , , , , , 4.05, 0.40,
100, Tr, 0.01, 0.02, , 0.06, 0.10, , , , , , Tr,
101, , 0.02, 0.04, , 0.07, 0.12, , , , , , ,
104, , 0.02, 0.03, , 0.09, 0.17, , , , , , ,
105, , Tr, Tr, , 0.04, 0.10, , , , , , ,
106, , 0.01, 1.04, 0.02, 2.48, 0.48, , , , , , 0.01,
109, , , Tr, , 0.12, Tr, , , , , , ,
115, , 0.02, 0.02, , 0.05, 0.08, , , , , , ,
116, , , 1.52, 0.04, 3.16, 0.38, , , , , , ,
118, , Tr, 0.02, , 0.06, 0.06, , , , , , ,
120, , Tr, 1.27, 0.04, 2.55, 0.38, , , , , , 0.04,
121, Tr, Tr, 0.08, Tr, 0.03, 0.01, , , , , Tr, 0.10,
122, , , 0.08, , 0.03, 0.01, , , , , , ,
123, , , 0.19, , 0.04, , , , , , , ,
126, , , 0.04, , 0.08, Tr, , , , , , ,
127, , Tr, 0.05, , 0.20, Tr, , , , , , ,
128, , 0.03, 0.48, Tr, 2.09, 0.03, , , , , , ,
129, , , 0.10, , 0.05, 0.01, , , , , , ,
130, , Tr, 0.12, Tr, 0.04, Tr, , , , , Tr, ,
131, , 0.04, 2.38, 0.02, 2.29, 0.19, , , , , 0.49, 0.14,
132, , , 2.73, 0.05, 5.58, 0.57, , , , , , 0.04,
133, , 0.02, 0.01, , 0.05, 0.21, , , , , , ,
136, , 0.01, 0.47, Tr, 0.72, 0.05, Tr, , , , , ,
138, , , 0.03, , 0.09, 0.01, , , , , , Tr,
141, 0.03, 0.08, 2.92, , 3.67, 0.36, , , , , 0.63, 0.12,
151, , , 0.28, Tr, 0.61, 0.07, , , , , , Tr,
153, , Tr, 0.02, , 0.11, 0.09, , , Tr, , , ,
154, , , 0.22, , 0.20, 0.01, , , , , Tr, Tr,
155, , , 0.04, , 0.07, 0.26, , , , , , ,
156, , 0.02, 0.05, , 0.12, 0.25, , , , , , ,
159, , Tr, 0.09, Tr, 0.17, 0.02, , , , , Tr, Tr,
163, , 0.20, 4.12, 0.02, 1.29, 0.08, , , , , , ,
166, , , 0.11, , 0.10, 0.02, , , , , , ,
167, , 0.07, 1.88, Tr, 0.30, 0.02, , , , , , ,
168, , 0.08, 1.93, , 0.35, 0.02, , , , , , ,
173, , , 0.03, 0.01, 0.07, 0.01, , , , , , ,
174, , , 0.01, , 0.06, 0.04, , , , , , ,
191, , , 0.02, , 0.07, 0.03, , , , , , ,
192, , 0.01, 0.20, , 0.03, 0.09, , , , , , ,
193, , Tr, 0.13, Tr, 0.01, 0.03, , , , , Tr, ,
196, , , 0.02, , 0.01, 0.02, , , , , , ,
197, , , 0.03, , 0.23, Tr, , , , , , ,
200, , , 0.04, , 0.26, Tr, , , , , , ,
201, , , 0.08, , 0.01, 0.02, , , , , , ,
204, , Tr, 0.07, , Tr, 0.02, , , , , , ,
207, , Tr, 0.10, , 0.06, 0.29, , , , , , ,
221, , Tr, 0.02, , 0.04, 0.01, , , , , , ,
223, , 0.67, 24.57, 0.04, 6.18, 0.30, , , , , , ,
228, , 0.04, 0.05, Tr, 0.02, 0.02, , , , , , ,
230, , 0.03, 0.05, , 0.01, 0.02, , , , , , ,
231, , 0.04, 0.04, Tr, Tr, 0.04, , , , , Tr, ,
232, , Tr, 0.28, , 0.92, 0.02, , , , , , ,
242, , Tr, 0.02, Tr, 0.05, 0.01, , , , , , ,
246, , , 0.03, , 0.08, 0.04, , , , , , ,
250, , Tr, 0.18, Tr, 0.02, 0.02, , , , , Tr, ,
253, , , 9.62, 0.06, 0.30, 0.58, , , , , , ,
259, , 0.14, 39.86, 0.24, 15.69, 0.83, , , , , , 0.14,
260, , 1.09, 74.01, 0.25, 8.74, 0.75, , , , , , ,
261, 0.81, 0.98, 17.94, 0.13, 0.89, 0.27, , , , , 2.50, 0.80,
262, 0.78, 0.98, 19.80, 0.12, 1.22, 0.27, , , , , 2.31, 0.51,
263, , 0.05, 17.87, 0.28, 19.48, 1.74, , , , , 8.69, 1.30,
265, , 0.06, 14.70, 0.26, 24.85, 2.64, , , , , 0.09, 0.24,
266, , 0.05, 14.07, 0.25, 23.79, 2.58, , , , , 0.12, 0.20,
267, , , 18.51, 0.25, 27.17, 2.86, , , , , , 0.19,
268, , 0.20, 61.14, 1.11, 20.87, 6.78, , , , , , 0.37,
269, , 0.08, 25.15, 0.18, 62.22, 0.39, , , , , , 1.14,
270, , 0.12, 33.04, 0.23, 49.94, 0.96, , , , , , 0.48,
271, , 0.83, 54.73, 0.14, 3.74, 0.51, , , , , , ,
272, , 0.09, 22.98, 0.60, 53.85, 5.72, , , , , , 0.50,
273, , 0.02, 0.29, 0.02, 0.02, Tr, Tr, 0.06, Tr, 0.07, Tr, ,
274, , 0.01, 0.22, 0.02, 0.03, , Tr, 0.06, Tr, 0.08, , ,
275, , Tr, 0.04, Tr, Tr, , 0.01, 0.01, Tr, 0.08, , ,
276, , 0.01, 0.27, 0.02, 0.02, 0.02, Tr, 0.10, , 0.42, , ,
277, , 0.02, 1.27, 0.02, 2.68, 0.29, 0.03, 0.03, , 0.19, , 0.04,
278, , 0.02, 0.18, Tr, 0.01, 0.01, Tr, Tr, , 0.01, Tr, ,
279, , 0.03, 0.28, Tr, 0.02, 0.08, 0.03, 0.02, , 0.06, Tr, ,
280, , 0.02, 1.01, 0.03, 1.08, 0.07, Tr, 0.04, , 0.04, 0.03, 0.01,
281, , 0.01, 2.17, 0.03, 4.62, 0.47, 0.02, 0.01, 0.02, 0.07, , ,
282, , Tr, 0.08, 0.01, Tr, , 0.03, 0.01, 0.01, 0.12, , ,
283, , Tr, 0.06, 0.01, Tr, , 0.02, 0.02, 0.02, 0.10, , ,
284, , 0.05, 0.16, 0.01, 0.03, Tr, 0.04, 0.08, 0.01, 0.09, 0.01, ,
285, , 0.02, 0.06, Tr, 0.02, Tr, 0.02, 0.08, 0.01, , Tr, ,
286, , 0.05, 3.54, , 7.76, 0.82, 0.05, 0.08, , 0.10, , ,
287, , 0.01, 0.14, , 0.03, Tr, , , , , , ,
288, , 1.21, 1.02, 0.01, 0.09, 0.12, 0.03, 0.04, 0.01, 0.03, 0.04, ,
289, , 2.91, 3.22, 0.26, 0.43, 0.17, 0.16, 0.84, 0.33, 0.26, , ,
290, , 3.12, 3.11, 0.24, 0.21, 0.17, 0.16, 0.89, 0.36, 0.29, , ,
291, , 0.18, 0.49, Tr, 0.04, 0.03, 0.02, 0.01, Tr, Tr, 0.01, ,
292, , 0.20, 0.27, 0.02, 0.01, 0.02, 0.02, 0.03, 0.03, 0.04, 0.01, ,
293, 0.01, 0.42, 0.69, 0.03, 0.03, , 0.04, 0.05, 0.04, 0.05, 0.02, ,
294, , 0.23, 0.33, 0.03, 0.02, 0.01, 0.09, 0.17, 0.10, 0.20, 0.01, ,
295, , 0.29, 1.05, 0.07, 0.14, , 0.06, 0.02, 0.03, 0.04, 0.02, ,
296, , 0.34, 1.82, 0.02, 0.49, 0.17, 0.21, 0.13, 0.06, 0.18, 0.01, ,
297, 0.04, 0.02, 6.72, 0.11, 6.43, 0.78, 0.34, 0.03, 0.08, 0.23, 0.04, 0.06,
298, , 0.39, 2.84, 0.05, 0.57, , 0.12, 0.10, 0.05, 0.12, 0.08, 0.02,
299, , 0.30, 4.90, 0.09, 7.53, 0.84, 0.09, 0.44, 0.17, 1.16, , 0.04,
300, , 0.23, 5.53, 0.15, 8.92, 0.87, 0.08, 0.35, 0.14, 1.13, , ,
301, , Tr, 0.10, Tr, 0.02, , 0.02, 0.03, Tr, 0.23, , ,
302, , 0.15, 0.35, Tr, 0.03, 0.05, 0.02, 0.03, 0.02, 0.11, , ,
303, , 0.14, 1.77, 0.10, 3.07, 0.36, , 0.19, Tr, 0.60, , ,
304, , 0.75, 1.61, Tr, 0.04, 0.05, 0.05, 0.18, 0.13, 0.43, 0.01, ,
305, , 0.16, 2.78, 0.19, 4.21, 0.41, 0.02, 0.01, 0.03, 0.45, 0.01, 0.06,
306, , 0.46, 3.91, 0.07, 6.63, 0.75, 0.05, 0.22, 0.08, 0.54, , ,
307, , 0.77, 1.51, Tr, 0.03, 0.04, 0.02, 0.06, 0.04, 0.13, 0.01, ,
308, , 0.10, 0.98, 0.04, 0.87, 0.07, 0.02, 0.02, 0.01, 0.12, 0.02, 0.01,
309, , 0.09, 2.82, 0.04, 3.75, 0.41, , 0.03, 0.02, 0.10, , ,
310, , 0.03, 0.15, 0.01, 0.01, 0.01, 0.01, 0.09, 0.01, 0.23, , ,
311, 0.02, 0.18, 0.97, 0.06, 0.12, 0.06, 0.04, 0.01, , 0.02, Tr, 0.01,
312, , 0.12, 0.32, Tr, 0.02, 0.02, 0.01, 0.01, 0.01, 0.01, Tr, ,
313, 0.01, 0.09, 0.50, 0.03, 0.09, 0.02, 0.02, 0.01, Tr, Tr, Tr, Tr,
314, , 0.01, 0.11, Tr, 0.02, Tr, Tr, Tr, , Tr, Tr, ,
315, , 0.69, 3.37, 0.23, 2.99, 0.40, 0.09, 1.21, 0.59, 1.22, , ,
316, , 0.36, 2.26, 0.19, 1.73, 0.03, 0.04, 0.43, 0.22, 0.46, , ,
317, , 0.54, 3.18, 0.29, 2.43, 0.33, 0.07, 0.72, 0.36, 0.75, 0.02, ,
318, Tr, 0.11, 0.33, 0.02, 0.04, 0.02, 0.02, 0.05, Tr, 0.18, , ,
319, , 0.33, 5.03, 0.09, 9.78, 0.99, 0.09, 0.44, 0.06, 0.46, , 0.07,
320, , 0.06, 2.92, 0.04, 5.13, 0.43, 0.03, 0.09, 0.01, 0.36, , 0.09,
321, , 0.13, 0.28, 0.02, 0.03, 0.02, 0.01, 0.03, Tr, 0.06, Tr, ,
322, , 0.08, 0.26, 0.01, 0.09, 0.02, 0.10, , 0.02, 0.12, 0.01, Tr,
323, , 0.13, 2.39, 0.04, 1.00, 0.04, , , , , , ,
324, , 0.03, 2.47, , 0.13, , , , , , 5.32, 0.10,
325, , 0.04, 3.14, , 0.25, , , , , , 6.19, 0.11,
326, , 0.33, 4.17, 0.03, 0.22, 0.02, 0.02, , , , 0.22, 0.02,
327, , 0.18, 2.22, 0.01, 0.12, 0.01, 0.01, , , , 0.10, ,
328, , 0.33, 3.32, 0.04, 0.22, 0.03, 0.01, , , , 0.28, 0.02,
329, , 0.16, 2.12, 0.01, 0.14, 0.02, 0.02, 0.01, , , 0.17, 0.02,
330, , 0.29, 3.22, 0.02, 0.81, 0.09, 0.02, , , , 0.25, 0.11,
331, 0.05, 0.27, 4.59, 0.05, 4.89, 0.52, 0.03, , , , 0.17, 0.05,
332, , 0.09, 1.29, , 0.07, 0.01, 0.01, , , , 0.13, 0.01,
333, , 0.14, 1.26, 0.01, 0.09, 0.01, 0.01, , , , 0.07, 0.01,
334, , 0.73, 5.33, 0.01, 0.14, , 0.01, , , , 0.28, 0.03,
335, , 0.88, 7.67, 0.04, 0.22, , 0.04, 0.02, , , 0.28, 0.02,
336, , 0.20, 1.66, 0.01, 0.07, Tr, 0.01, , , , 0.06, Tr,
337, , 0.44, 3.85, , 0.16, 0.04, 0.04, , , , 0.14, 0.01,
338, 0.10, 0.50, 4.68, 0.02, 0.19, 0.05, 0.06, 0.02, 0.04, , 0.32, 0.08,
339, , 0.54, 5.70, , 0.16, , , , , , 0.80, ,
340, 0.09, 0.45, 7.36, 0.03, 6.22, 0.61, 0.05, , 0.02, , 0.36, ,
341, , 0.35, 4.21, 0.02, 0.13, , , , , , 0.24, 0.01,
342, , 0.47, 5.06, , 0.17, 0.03, 0.02, , , , 0.23, 0.02,
343, , 0.62, 4.81, 0.01, 0.15, 0.05, 0.02, , , , 0.17, 0.02,
344, , 0.63, 5.58, , 0.14, 0.03, 0.01, , , , 0.19, 0.01,
345, , 0.22, 2.32, 0.01, 0.09, , 0.02, 0.01, , , 0.08, 0.01,
346, , 0.16, 1.75, , 0.07, 0.01, 0.01, , , , 0.04, ,
347, , 1.17, 10.64, 0.08, 0.13, 0.15, 0.03, , , , 0.76, 0.10,
348, , 1.31, 11.05, 0.12, 0.15, 0.12, , , , , 0.76, 0.15,
349, , 0.45, 3.59, 0.01, 0.11, 0.02, 0.02, , , , 0.16, 0.08,
350, , 0.22, 2.12, , 0.05, 0.01, 0.01, , , , 0.10, 0.04,
351, , 0.28, 3.10, 0.01, 0.14, 0.01, 0.02, , , , 0.15, 0.05,
352, , 0.45, 3.23, , 0.08, 0.01, 0.01, , , , 0.12, 0.02,
353, , 0.61, 4.71, 0.02, 0.16, 0.03, 0.02, , , , 0.22, 0.01,
354, , 0.71, 5.56, 0.04, 0.15, 0.06, , , , , 0.30, 0.03,
355, , 0.09, 1.43, 0.01, 0.05, Tr, Tr, , Tr, , 0.16, 0.05,
356, , 0.23, 1.89, , 0.37, 0.10, 0.31, 0.07, 0.16, 0.04, 0.09, 0.02,
357, , 0.15, 1.69, 0.01, 0.11, 0.02, 0.03, 0.01, , , 0.10, 0.01,
358, , 0.23, 2.87, , 0.16, 0.02, 0.02, , , , 0.14, 0.02,
359, , 0.28, 2.49, 0.01, 0.08, 0.01, , , , , 0.16, ,
360, , 0.18, 2.09, , 0.07, 0.01, 0.01, , , , 0.11, 0.02,
361, , 1.10, 9.07, 0.07, 0.29, 0.12, 0.05, , , , 0.50, 0.05,
362, , 0.71, 5.63, 0.06, 0.16, 0.09, 0.01, , , , 0.43, ,
363, , 0.42, 3.54, 0.01, 0.12, 0.02, 0.01, , , , 0.15, 0.07,
364, , 0.25, 1.98, , 0.06, 0.01, Tr, , , , 0.08, Tr,
365, , 0.77, 9.31, , 0.43, 0.09, 0.02, , , , 0.41, 0.02,
366, , 0.48, 6.11, 0.06, 0.26, 0.04, 0.01, , 0.01, , 0.29, 0.01,
367, , 0.32, 2.70, 0.01, 0.09, 0.01, 0.01, , , , 0.08, 0.01,
368, , 0.77, 6.79, 0.04, 0.19, 0.04, 0.02, , , , 0.42, 0.06,
369, , 0.36, 2.85, 0.02, , 0.04, 0.03, 0.01, , , 0.16, 0.01,
370, , 0.52, 4.28, 0.03, 0.16, 0.04, 0.04, 0.01, , , 0.21, 0.01,
371, , 0.26, 2.48, 0.01, 0.09, 0.03, 0.01, , , , 0.13, 0.05,
372, , 0.21, 2.35, 0.01, 0.07, 0.01, 0.01, , , , 0.08, 0.02,
373, , 0.24, 2.60, 0.02, 0.12, 0.01, 0.01, , , , 0.20, 0.01,
374, , 0.23, 2.69, 0.02, 0.16, 0.01, 0.01, , , , 0.15, 0.01,
375, , 0.16, 1.90, 0.01, 0.11, , 0.01, , , , 0.15, 0.03,
376, , 0.17, 1.65, 0.01, 0.10, 0.02, 0.03, , , , 0.07, 0.01,
377, , 0.25, 2.81, 0.04, 0.17, 0.03, 0.05, 0.01, 0.03, , 0.11, 0.01,
378, , 1.09, 10.21, 0.07, 0.32, 0.10, 0.02, , , , 0.67, 0.05,
379, , 0.95, 8.03, 0.04, 0.26, 0.15, 0.02, , , , 0.54, 0.04,
380, , 0.73, 5.86, 0.01, 0.22, 0.05, 0.03, , , , 0.22, 0.03,
381, , 1.01, 8.04, 0.03, 0.25, 0.07, 0.05, 0.02, , , 0.23, 0.04,
382, , 0.22, 1.83, 0.01, 0.08, Tr, 0.01, , , , 0.04, Tr,
383, , 0.51, 4.64, , 0.22, , 0.04, , , , 0.11, 0.02,
384, 0.12, 0.59, 7.52, 0.03, 0.24, 0.08, 0.05, , 0.05, , 0.71, 0.22,
385, 0.18, 0.40, 6.76, 0.04, 0.18, 0.10, 0.03, , 0.05, , 0.59, 0.07,
386, , 0.02, 3.32, 0.07, 4.33, 0.32, 0.01, , , , 0.45, 0.13,
388, , 0.16, 7.10, 0.07, 10.47, 1.04, , , , , 0.27, ,
390, , 0.04, 5.12, 0.03, 1.22, 0.07, , , , , 6.21, 0.96,
391, , 0.80, 5.75, , 2.96, 0.01, 0.06, , , , 0.03, 0.01,
392, , 0.69, 6.73, 0.03, 2.18, 0.09, Tr, , Tr, Tr, 0.03, 0.01,
393, , 0.26, 3.14, 0.02, 1.16, 0.04, Tr, , Tr, Tr, 0.01, ,
394, , 0.66, 5.56, 0.06, 3.15, 0.13, 0.09, , , , 0.09, ,
395, 0.01, 0.37, 0.08, 0.04, 1.41, 0.04, 0.08, , 0.01, , 0.08, 0.02,
396, 0.01, 0.38, 3.35, 0.02, 2.11, 0.09, Tr, Tr, , , 0.12, 0.02,
397, , 0.45, 3.61, 0.02, 2.00, 0.09, 0.05, , , , 0.04, ,
398, 0.01, 0.20, 1.84, 0.01, 1.10, 0.05, Tr, Tr, , , , ,
399, , 0.24, 1.82, 0.01, 0.80, 0.02, 0.03, , , , 0.01, ,
400, , 0.05, 0.58, 0.01, 0.38, 0.01, 0.13, , 0.03, 0.02, 0.01, ,
401, , 0.05, 2.24, 0.03, 3.01, 0.23, 0.04, 0.02, , , 0.02, 0.02,
402, , 0.88, 6.31, 0.03, 3.57, 0.20, 0.07, , , , 0.07, ,
403, 0.01, 0.19, 2.36, 0.02, 1.73, 0.09, Tr, Tr, , , 0.10, 0.02,
404, 0.01, 0.23, 2.26, 0.02, 1.42, 0.07, Tr, Tr, , , 0.09, 0.02,
405, , 0.23, 1.63, 0.01, 0.92, 0.04, 0.05, , , , 0.01, ,
406, 0.01, 0.22, 2.45, 0.02, 1.70, 0.10, Tr, Tr, Tr, , 0.10, 0.02,
407, , 0.44, 2.75, 0.03, 0.80, 0.03, 0.03, , , , 0.03, ,
408, , 0.07, 0.98, 0.01, 0.53, 0.02, Tr, Tr, , , 0.04, 0.01,
409, , 0.16, 1.16, 0.01, Tr, 0.01, 0.02, , , , 0.01, ,
410, , 0.07, 0.80, 0.01, 0.31, 0.01, Tr, Tr, , , 0.04, Tr,
411, 0.02, 0.50, 4.80, 0.04, 3.64, 0.21, Tr, Tr, , , 0.19, 0.04,
412, , 1.13, 8.44, 0.02, 3.41, 0.12, 0.08, , , , 0.06, ,
413, 0.01, 0.42, 3.76, 0.03, 2.86, 0.17, Tr, Tr, , , 0.14, 0.04,
414, , 0.57, 3.87, 0.02, 1.45, 0.04, 0.05, , , , 0.03, ,
415, 0.12, 0.58, 4.96, 0.03, 0.68, 0.08, 0.03, , , 0.01, 0.81, 0.19,
416, 0.07, 0.41, 5.37, 0.07, 3.28, 0.29, 0.03, , 0.02, , 0.33, 0.11,
417, 0.05, 0.42, 4.25, 0.02, 1.08, 0.10, 0.04, 0.02, , , 0.30, 0.06,
418, 0.01, 0.52, 6.70, 0.08, 3.08, 0.17, , , , , 0.04, ,
419, , 0.45, 6.60, 0.10, 3.85, 0.25, 0.09, , , , 0.04, ,
420, , 0.44, 6.20, 0.09, 3.00, 0.17, 0.09, , , , 0.04, ,
421, , 0.25, 4.66, 0.08, 1.48, 0.05, 0.06, , , , 0.03, ,
422, , 0.29, 7.66, 0.13, 2.43, 0.11, 0.09, , , , 0.03, ,
423, , 0.44, 8.07, 0.13, 2.35, 0.10, 0.10, , , , 0.03, ,
424, , 0.60, 7.36, 0.12, 4.41, 0.28, , , , , , ,
425, , 0.11, 1.60, 0.01, 1.41, 0.03, Tr, Tr, , , 0.02, Tr,
426, , 0.03, 0.41, Tr, 0.63, 0.03, 0.06, , , , , ,
427, , 0.21, 3.37, 0.06, 1.12, 0.05, 0.05, , , , , ,
428, , 0.25, 6.17, 0.11, 4.07, 0.32, 0.07, , 0.02, , 0.16, 0.05,
429, , 0.31, 7.14, 0.13, 1.03, 0.03, 0.03, , , , 0.09, ,
430, , 0.63, 12.90, 0.23, 2.75, 0.12, 0.09, , , , 0.06, ,
431, , 0.45, 7.64, 0.12, 2.11, 0.09, 0.08, , , , , ,
432, , 0.11, 2.63, 0.16, 0.55, 0.07, 0.02, , , , 0.02, ,
433, , 0.22, 3.39, 0.06, 0.88, 0.04, 0.05, , , , , ,
434, , 0.90, 10.15, 0.19, 2.58, 0.11, 0.09, , , , , ,
435, , 0.29, 5.91, 0.11, 1.66, 0.05, 0.11, , , , , ,
436, , 0.26, 4.64, 0.09, 1.51, 0.06, 0.08, , , , , ,
437, , 0.78, 15.49, 0.30, 3.85, 0.16, 0.07, , , , 0.07, ,
438, , 0.13, 2.39, 0.05, 0.87, 0.04, 0.04, , , , 0.01, ,
439, , 0.07, 1.04, 0.02, 0.38, 0.01, 0.04, , , , , ,
440, , 0.06, 0.87, , 0.25, 0.02, , , Tr, , 0.06, ,
441, , 0.06, 0.63, 0.01, 0.21, 0.03, 0.02, 0.01, 0.01, , 0.03, ,
442, 0.03, 0.17, 4.75, 0.05, 4.55, 0.41, 0.03, , , , 0.18, 0.08,
443, , 0.55, 11.21, 0.23, 4.23, 0.19, 0.03, , , , 0.10, ,
444, , 0.98, 18.82, 0.28, 9.32, 0.68, 0.15, , , , 0.21, ,
445, , 1.02, 24.55, 0.45, 12.93, 0.86, , , 0.06, , 0.33, 0.25,
446, 0.01, 0.02, 0.53, 0.01, 0.03, 0.02, Tr, , , , 0.06, Tr,
447, 0.18, 0.36, 4.50, , 0.33, 0.07, , , , , 0.63, ,
448, 0.02, 0.04, 0.83, 0.01, 0.06, 0.03, Tr, , Tr, Tr, , ,
449, , , 0.09, , Tr, , , , , , 0.01, ,
451, 0.01, 0.03, 0.62, Tr, 0.05, 0.02, Tr, , Tr, Tr, , ,
452, 0.01, 0.03, 0.59, Tr, 0.04, 0.02, Tr, , , , 0.06, Tr,
453, , 0.14, 1.47, 0.02, 0.10, 0.04, , , , , 0.20, 0.03,
454, , 0.03, 0.79, , 0.11, 0.01, 0.01, , , , 0.10, 0.02,
455, 0.01, 0.03, 0.56, Tr, 0.11, 0.01, Tr, , , , 0.19, 0.03,
456, 0.01, 0.02, 0.20, , 0.03, Tr, Tr, , , , 0.02, Tr,
458, 0.01, 0.03, 0.65, , 0.04, 0.02, , , Tr, Tr, , ,
459, 0.15, 0.56, 6.25, 0.05, 0.41, 0.10, , , , , 0.84, 0.10,
461, 0.16, 0.39, 5.14, 0.04, 0.28, 0.06, 0.02, , , , 0.54, 0.12,
462, 0.23, 0.46, 4.82, , 0.24, 0.10, , , , , 0.99, ,
463, 0.22, 0.43, 5.22, , 0.31, 0.08, , , , , 0.86, ,
464, 0.32, 0.63, 7.67, 0.03, 0.29, 0.11, 0.03, , , , 1.01, 0.16,
465, 0.23, 0.49, 6.45, 0.05, 0.33, 0.08, , , , , 0.85, 0.18,
466, 0.02, 0.05, 0.76, , 0.04, 0.01, , , , , 0.09, ,
467, 0.27, 0.51, 5.91, , 0.42, 0.11, , , , , 0.87, ,
468, 0.24, 0.50, 5.54, 0.04, 0.24, 0.07, , , , , 0.55, 0.11,
469, 0.06, 0.15, 2.16, 0.02, 0.14, 0.02, 0.01, , , , 0.21, 0.04,
484, 0.04, 0.26, 6.61, 0.05, 5.53, 0.44, 0.15, , , 0.04, 0.15, ,
485, 0.03, 1.07, 11.01, 0.03, 2.20, 0.10, 0.44, , , , 0.04, 0.07,
487, , 0.67, 11.29, 0.07, 3.25, 0.05, 0.44, , , 0.10, 0.05, 0.03,
488, , 0.21, 3.51, 0.02, 0.94, 0.02, 0.12, , , 0.02, 0.02, ,
489, , 0.23, 3.33, 0.01, 0.88, 0.02, 0.14, , 0.05, 0.04, , ,
490, , 0.23, 5.45, 0.04, 4.34, 0.33, 0.17, , , 0.03, 0.02, ,
491, , 0.01, 0.62, , 0.29, 0.03, , , , , 0.01, ,
495, , 0.14, 9.75, 0.06, 0.91, 0.03, , , , , 0.17, 0.10,
496, , 0.09, 9.14, , 3.09, 0.07, , , , , 0.20, ,
497, , 0.10, 11.32, , 1.41, 0.10, , , , , 0.18, ,
498, , 0.05, 8.03, 0.01, 0.94, 0.06, , , , , 0.14, ,
499, , , 0.36, , 0.07, , , , , , , ,
500, , , 0.02, , 0.01, 0.01, , , , , , ,
501, , , 3.74, 0.11, 1.94, 0.01, , , , , , ,
502, , , Tr, , Tr, , , , , , , ,
509, , 0.16, 4.55, 0.04, 4.19, 0.35, 0.11, , , , 0.05, ,
511, , 0.01, 1.11, 0.02, 4.82, 0.11, , , , , , ,
512, 0.05, 0.10, 1.50, , 0.11, 0.04, , , , , 0.55, 0.04,
518, , , 0.01, , 0.01, Tr, , , , , , ,
520, , 0.29, 10.57, 0.04, 2.77, 0.19, , , , , , ,
521, , 0.18, 8.07, 0.03, 0.91, 0.13, , , , , , ,
522, , , 0.05, Tr, 0.08, , , , , , , ,
523, , , 0.92, , 0.17, , , , , , , ,
524, , 0.04, 6.24, 0.14, 13.86, 1.43, , , , , , 0.17,
525, , , 7.81, , 2.01, 0.12, , , , , , ,
526, 0.04, 0.24, 2.64, 0.01, 0.16, 0.03, 0.01, , 0.01, , 0.18, 0.03,
527, , 0.02, 0.95, Tr, 1.36, 0.13, Tr, Tr, , Tr, , 0.01,
528, , 0.20, 3.96, 0.05, 1.24, 0.06, 0.05, Tr, 0.02, , 0.06, ,
529, 0.10, 0.57, 7.32, 0.05, 2.88, 0.26, 0.07, , 0.02, 0.02, 0.40, ,
530, , 0.05, 2.39, 0.05, 3.22, 0.24, 0.04, , Tr, Tr, Tr, 0.06,
531, , 0.01, 0.89, , 1.33, 0.13, 0.01, 0.03, , 0.03, , ,
532, , 0.03, 0.44, , 0.08, 0.02, , , , , 0.03, ,
533, , , 0.22, , 0.26, Tr, , , , , , ,
534, 0.01, 0.07, 1.64, , 0.69, 0.10, Tr, , , , 0.04, Tr,
535, , 0.01, 1.25, 0.01, 1.44, 0.06, Tr, 0.02, , 0.02, , 0.02,
536, Tr, 0.09, 1.11, Tr, 0.07, 0.01, 0.03, , 0.02, , 0.18, 0.02,
537, 0.04, 0.19, 3.00, 0.02, 0.74, 0.08, 0.02, , 0.01, , 0.26, 0.01,
538, 0.03, 0.10, 2.05, 0.02, 0.91, 0.07, 0.04, , Tr, , 0.19, 0.01,
539, , 0.13, 2.69, 0.04, 1.25, 0.19, 0.05, , , , , ,
540, , 0.13, 2.41, 0.04, 1.35, 0.18, 0.02, , , , , ,
541, Tr, 0.26, 2.23, 0.02, 1.57, 0.11, 0.03, , Tr, , 0.01, ,
542, , 0.01, 0.25, Tr, 0.28, 0.01, , Tr, , , Tr, Tr,
543, , 0.16, 3.42, 0.08, 1.41, 0.16, 0.04, , , , 0.04, ,
544, 0.03, 0.11, 0.95, Tr, 0.18, 0.06, Tr, Tr, Tr, , 0.06, Tr,
545, , Tr, 1.75, 0.02, 3.46, 0.36, , , , , , 0.01,
546, , Tr, 0.02, , 0.07, 0.08, , , , , , ,
547, , 0.04, 2.02, 0.02, 3.60, 0.36, 0.04, , , , , 0.02,
548, , 0.03, 1.04, 0.01, 0.61, 0.03, 0.04, Tr, , , Tr, ,
549, , 0.01, 0.82, , 0.20, 0.03, , , , , , ,
550, , 0.01, 0.12, Tr, 0.03, , , , , , , ,
551, 0.08, 0.18, 2.64, 0.02, 0.17, 0.02, , , , , 0.30, 0.03,
552, , , 0.15, Tr, 0.04, Tr, , , , , , ,
553, 0.04, 0.21, 2.81, 0.02, 1.11, 0.12, , , , , 0.21, ,
554, , 0.34, 9.07, 0.17, 4.21, 0.30, 0.06, , , , 0.15, ,
555, , 0.44, 9.85, 0.19, 4.57, 0.32, 0.07, , , , 0.17, ,
556, , 0.03, 0.84, Tr, 0.94, 0.05, , Tr, , , 0.01, ,
557, , 0.03, 16.67, 0.45, 16.17, 0.04, , , , , , ,
558, , , 28.15, 0.79, 14.18, 0.06, , , , , , ,
559, , Tr, 0.08, Tr, 0.27, 0.04, , , , , , ,
560, , , 0.10, Tr, 0.15, 0.02, , , , , , ,
561, , Tr, 0.08, , 0.16, 0.14, , , , , , ,
562, , , 0.11, , 0.40, 0.49, , , , , , ,
563, , Tr, 0.05, Tr, 0.21, 0.10, , , , , , ,
564, , , 0.15, 0.01, 0.58, 0.28, , , , , , ,
565, , Tr, 0.06, , 0.11, 0.20, , , , , , ,
566, , Tr, 0.15, , 0.23, 0.41, , , , , , ,
567, , , 0.09, , 0.16, 0.11, , , , , , ,
568, Tr, Tr, 0.13, , 0.38, 0.47, , , , , , ,
569, , Tr, 0.03, , 0.09, 0.13, , , , , , ,
570, , Tr, 0.14, , 0.29, 0.46, , , , , , ,
571, , Tr, 0.04, Tr, 0.16, 0.07, , , , , , ,
572, , , 0.09, 0.01, 0.33, 0.14, , , , , , ,
573, , Tr, 0.06, Tr, 0.14, 0.19, , , , , , ,
574, , Tr, 0.16, , 0.34, 0.46, , , , , , ,
575, , 0.01, 1.42, 0.02, 2.71, 0.13, , , , , , ,
576, , Tr, 0.13, Tr, 0.86, 0.06, , , , , Tr, ,
577, , Tr, 0.14, Tr, 0.21, 0.04, , , , , , ,
578, Tr, Tr, 0.16, 0.01, 0.33, 0.09, , , , , , ,
579, , 0.01, 9.73, 0.26, 7.25, 0.02, , , , , , ,
580, , 0.02, 13.91, 0.41, 8.25, , , , , , , ,
582, , Tr, 0.25, 0.01, 0.58, 0.06, , , , , , 0.01,
583, , 0.02, 6.30, 0.05, 11.67, 1.23, , , , , , ,
584, , Tr, 0.51, Tr, 1.48, 0.20, , , , , , ,
585, , 0.02, 4.89, 0.33, 1.08, 0.57, , , , , , ,
586, , Tr, 1.82, 0.12, 0.40, 0.22, , , , , , ,
587, , 0.22, 31.95, 0.03, 16.17, 0.03, , , , , 0.10, 0.02,
588, , 0.13, 26.27, 0.08, 8.00, 0.08, , , , , 0.11, ,
589, , 0.18, 27.14, 0.04, 20.97, 0.04, , , , , , ,
590, , , 1.47, , 0.32, , , , , , , ,
591, , Tr, 1.15, Tr, 0.28, , , , , , , ,
593, , 0.07, 19.72, 0.09, 22.39, 0.16, , , , , , ,
594, , 0.03, 7.06, 0.04, 5.42, 19.81, , , , , , ,
595, , , 0.09, , 0.22, , , , , , , ,
596, , 0.32, 6.45, 0.01, 0.28, 0.08, , , , , , ,
597, , , 8.66, 0.09, 35.30, 8.82, , , , , , ,
